{"cameraMode":{"drawMode":0,"name":"Shaded","section":"Shading Mode"},"sceneLighting":true,"audioPlay":false,"sceneViewState":{"m_AlwaysRefresh":false,"showFog":true,"showSkybox":false,"showFlares":true,"showImageEffects":true,"showParticleSystems":true,"showVisualEffectGraphs":true,"m_FxEnabled":true},"in2DMode":false,"pivot":{"x":223.39427185058595,"y":26.619121551513673,"z":166.36070251464845},"rotation":{"x":-0.03931087628006935,"y":0.9601739645004273,"z":-0.2109961211681366,"w":-0.17889080941677094},"size":6.984201431274414,"orthographic":false}